{
  "project_info": {
    "project_number": "789567782102",
    "project_id": "evfirebase-75cce",
    "storage_bucket": "evfirebase-75cce.firebasestorage.app"
  },
  "client": [
    {
      "client_info": {
        "mobilesdk_app_id": "1:789567782102:android:28996cfc5fa3b149395d77",
        "android_client_info": {
          "package_name": "com.stomas.evTres"
        }
      },
      "oauth_client": [],
      "api_key": [
        {
          "current_key": "AIzaSyCfblydTauJmmowREqAZu2BZZsBlBz-s8M"
        }
      ],
      "services": {
        "appinvite_service": {
          "other_platform_oauth_client": []
        }
      }
    }
  ],
  "configuration_version": "1"
}